物品,成交量,最低價,中位價,最高價,價格變化,日期
手套攻擊卷軸60%卷軸,622,15,18,20,-8.54%,2025-06-22
披風敏捷性卷軸60%卷軸,546,19,23,27,-6.98%,2025-06-22
披風幸運卷軸60%卷軸,518,8,13,17,-22.91%,2025-06-22
盾牌幸運卷軸60%卷軸,409,11,14,16,-8.65%,2025-06-22
套服幸運卷軸60%卷軸,398,37,45,49,-4.03%,2025-06-22
套服敏捷卷軸60%卷軸,371,12,15,17,-10.75%,2025-06-22
短劍攻擊卷軸60%卷軸,272,5,7,9,-16.72%,2025-06-22
拳套攻擊卷軸60%卷軸,263,3,5,7,-22.63%,2025-06-22
套服敏捷卷軸10%卷軸,238,6,8,10,+1.81%,2025-06-22
套服智力卷軸60%卷軸,238,53,60,66,-4.09%,2025-06-22
耳環智力卷軸60%卷軸,237,9,10,13,-8.67%,2025-06-22
披風力量卷軸60%卷軸,232,12,14,16,-4.56%,2025-06-22
耳飾幸運卷軸10%卷軸,221,3,3,3,0.00%,2025-06-22
鞋子跳躍卷軸60%卷軸,217,9,11,13,-4.04%,2025-06-22
下衣敏捷性卷軸60%卷軸,190,205,215,225,-0.46%,2025-06-22
拳套攻擊卷軸10%卷軸,180,8,8,9,+2.25%,2025-06-22
套服智力卷軸100%卷軸,178,18,23,27,-10.41%,2025-06-22
手槍攻擊力卷軸60%卷軸,177,3,3,4,-10.72%,2025-06-22
耳飾敏捷卷軸60%卷軸,177,249,285,320,-4.44%,2025-06-22
短劍攻擊卷軸10%卷軸,160,6,8,10,+2.16%,2025-06-22
耳飾敏捷卷軸100%卷軸,159,20,35,50,-37.07%,2025-06-22
短杖魔力卷軸60%卷軸,151,2,3,3,-18.87%,2025-06-22
披風幸運卷軸10%卷軸,143,2,3,3,-21.50%,2025-06-22
頭盔智力卷軸60%卷軸,143,43,45,48,-0.94%,2025-06-22
耳飾幸運卷軸100%卷軸,138,3,5,7,-25.85%,2025-06-22
鞋子跳躍卷軸10%卷軸,135,2,3,3,-16.12%,2025-06-22
手套攻擊卷軸10%卷軸,131,10,12,14,+0.24%,2025-06-22
眼部裝飾敏捷性卷軸10%卷軸,130,90,120,150,+17.08%,2025-06-22
披風智力卷軸60%卷軸,117,3,5,7,-25.72%,2025-06-22
套服幸運卷軸100%卷軸,116,12,15,19,-8.39%,2025-06-22
手槍攻擊力卷軸10%卷軸,109,7,9,11,-3.76%,2025-06-22
土飛鏢裝備,97,20,40,55,-28.91%,2025-06-22
弓攻擊卷軸60%卷軸,95,2,3,3,-15.80%,2025-06-22
上衣幸運卷軸60%卷軸,92,115,120,123,+0.64%,2025-06-22
套服智力卷軸10%卷軸,91,25,30,35,-2.85%,2025-06-22
長杖魔力卷軸60%卷軸,86,3,3,4,-12.52%,2025-06-22
耳環智力卷軸10%卷軸,84,32,40,43,-6.68%,2025-06-22
弓攻擊卷軸10%卷軸,82,5,7,9,+14.58%,2025-06-22
頭盔體力卷軸60%卷軸,81,4,4,5,-7.66%,2025-06-22
上衣力量卷軸60%卷軸,78,19,20,23,+0.16%,2025-06-22
上衣幸運卷軸100%卷軸,77,2,2,5,-34.23%,2025-06-22
耳飾幸運卷軸60%卷軸,77,173,180,190,+1.41%,2025-06-22
下衣敏捷性卷軸100%卷軸,71,4,8,18,-52.54%,2025-06-22
盾牌生命卷軸60%卷軸,70,5,8,9,-21.17%,2025-06-22
眼部裝飾幸運卷軸10%卷軸,68,68,78,85,+4.70%,2025-06-22
頭盔敏捷性卷軸100%卷軸,68,3,3,4,-13.12%,2025-06-22
頭盔敏捷性卷軸60%卷軸,66,100,110,120,-3.35%,2025-06-22
手套敏捷性卷軸60%卷軸,65,1,1,1,0.00%,2025-06-22
套服幸運卷軸10%卷軸,59,19,25,30,+9.29%,2025-06-22
長杖魔力卷軸10%卷軸,59,5,6,6,-0.12%,2025-06-22
手套攻擊卷軸60%卷軸,579,14,17,19,-11.89%,2025-06-23
披風敏捷性卷軸60%卷軸,529,18,23,26,-9.23%,2025-06-23
盾牌幸運卷軸60%卷軸,523,8,13,17,-26.02%,2025-06-23
披風幸運卷軸60%卷軸,491,8,12,16,-27.41%,2025-06-23
套服幸運卷軸60%卷軸,345,38,44,47,-6.43%,2025-06-23
套服敏捷卷軸60%卷軸,338,12,15,16,-10.77%,2025-06-23
耳飾幸運卷軸10%卷軸,335,2,3,3,-18.75%,2025-06-23
拳套攻擊卷軸60%卷軸,268,3,5,7,-25.38%,2025-06-23
耳環智力卷軸60%卷軸,256,8,10,13,-17.64%,2025-06-23
披風力量卷軸60%卷軸,248,11,14,16,-8.93%,2025-06-23
套服敏捷卷軸10%卷軸,240,7,8,11,-1.23%,2025-06-23
下衣敏捷性卷軸60%卷軸,223,198,210,225,-0.73%,2025-06-23
鞋子跳躍卷軸60%卷軸,221,9,11,13,-4.95%,2025-06-23
套服智力卷軸60%卷軸,191,52,60,64,-4.08%,2025-06-23
套服智力卷軸100%卷軸,186,18,22,27,-15.91%,2025-06-23
拳套攻擊卷軸10%卷軸,177,8,8,9,+2.01%,2025-06-23
手槍攻擊力卷軸60%卷軸,174,3,3,4,-7.18%,2025-06-23
短劍攻擊卷軸60%卷軸,170,6,7,7,-7.18%,2025-06-23
耳飾敏捷卷軸60%卷軸,164,250,285,320,-7.31%,2025-06-23
耳飾敏捷卷軸100%卷軸,161,20,34,50,-36.27%,2025-06-23
短杖魔力卷軸60%卷軸,152,2,2,3,-20.86%,2025-06-23
披風幸運卷軸10%卷軸,149,2,2,3,-23.04%,2025-06-23
鞋子跳躍卷軸10%卷軸,142,2,3,3,-18.59%,2025-06-23
手套攻擊卷軸10%卷軸,138,10,12,14,-1.93%,2025-06-23
頭盔智力卷軸60%卷軸,131,42,45,47,-0.92%,2025-06-23
長杖魔力卷軸60%卷軸,124,1,3,5,-37.97%,2025-06-23
套服幸運卷軸100%卷軸,112,12,15,19,-9.48%,2025-06-23
眼部裝飾敏捷性卷軸10%卷軸,108,95,120,140,+11.87%,2025-06-23
披風智力卷軸60%卷軸,106,3,5,7,-24.87%,2025-06-23
短劍攻擊卷軸10%卷軸,106,7,7,8,+0.19%,2025-06-23
耳環智力卷軸10%卷軸,95,32,40,43,-8.82%,2025-06-23
弓攻擊卷軸60%卷軸,94,2,2,3,-16.80%,2025-06-23
上衣幸運卷軸60%卷軸,92,115,120,123,+0.53%,2025-06-23
土飛鏢裝備,92,20,37,55,-32.58%,2025-06-23
套服智力卷軸10%卷軸,87,25,30,35,-0.29%,2025-06-23
手槍攻擊力卷軸10%卷軸,85,9,9,10,+0.27%,2025-06-23
弓攻擊卷軸10%卷軸,83,5,7,9,+14.42%,2025-06-23
耳飾幸運卷軸100%卷軸,78,4,5,5,-10.83%,2025-06-23
頭盔體力卷軸60%卷軸,77,4,4,5,-7.37%,2025-06-23
上衣力量卷軸60%卷軸,74,19,20,23,-0.24%,2025-06-23
耳飾幸運卷軸60%卷軸,73,173,180,190,+1.32%,2025-06-23
盾牌生命卷軸60%卷軸,72,5,7,9,-23.50%,2025-06-23
下衣敏捷性卷軸100%卷軸,70,4,8,16,-51.56%,2025-06-23
頭盔敏捷性卷軸100%卷軸,66,3,3,4,-14.02%,2025-06-23
手套敏捷性卷軸60%卷軸,64,1,1,1,0.00%,2025-06-23
上衣幸運卷軸100%卷軸,62,2,2,3,-22.54%,2025-06-23
長杖魔力卷軸10%卷軸,60,5,6,6,0.00%,2025-06-23
頭盔智力卷軸100%卷軸,60,1,2,2,-32.55%,2025-06-23
耳飾敏捷卷軸10%卷軸,57,95,105,115,+3.05%,2025-06-23
套服幸運卷軸10%卷軸,55,18,24,30,+10.82%,2025-06-23
手套攻擊卷軸60%卷軸,816,11,16,20,-21.47%,2025-06-24
披風敏捷性卷軸60%卷軸,619,18,22,26,-11.91%,2025-06-24
披風幸運卷軸60%卷軸,581,6,10,15,-33.44%,2025-06-24
盾牌幸運卷軸60%卷軸,580,7,12,16,-29.57%,2025-06-24
套服幸運卷軸60%卷軸,487,35,40,48,-12.51%,2025-06-24
耳飾幸運卷軸10%卷軸,391,2,3,3,-20.69%,2025-06-24
套服敏捷卷軸60%卷軸,362,11,14,16,-14.86%,2025-06-24
套服智力卷軸60%卷軸,336,45,55,65,-12.28%,2025-06-24
短劍攻擊卷軸60%卷軸,310,4,6,8,-24.45%,2025-06-24
耳環智力卷軸60%卷軸,295,7,9,12,-23.98%,2025-06-24
披風力量卷軸60%卷軸,276,11,13,16,-11.73%,2025-06-24
鞋子跳躍卷軸60%卷軸,274,9,11,13,-3.22%,2025-06-24
下衣敏捷性卷軸60%卷軸,266,190,210,230,-3.08%,2025-06-24
套服智力卷軸100%卷軸,219,18,20,26,-13.77%,2025-06-24
拳套攻擊卷軸10%卷軸,215,8,8,9,+2.18%,2025-06-24
套服敏捷卷軸10%卷軸,200,8,8,9,-0.41%,2025-06-24
頭盔智力卷軸60%卷軸,196,38,45,47,-4.96%,2025-06-24
耳飾敏捷卷軸100%卷軸,184,14,25,50,-36.89%,2025-06-24
上衣幸運卷軸60%卷軸,171,105,120,125,-2.96%,2025-06-24
手套攻擊卷軸10%卷軸,170,10,12,14,-3.05%,2025-06-24
耳飾敏捷卷軸60%卷軸,170,230,280,310,-9.49%,2025-06-24
披風幸運卷軸10%卷軸,169,2,2,3,-19.24%,2025-06-24
手槍攻擊力卷軸10%卷軸,166,7,9,11,-8.40%,2025-06-24
拳套攻擊卷軸60%卷軸,164,4,5,5,-8.66%,2025-06-24
鞋子跳躍卷軸10%卷軸,163,2,2,3,-21.59%,2025-06-24
短杖魔力卷軸60%卷軸,161,2,2,3,-13.79%,2025-06-24
耳飾幸運卷軸100%卷軸,150,2,4,6,-32.92%,2025-06-24
套服幸運卷軸100%卷軸,145,7,15,20,-33.63%,2025-06-24
手槍攻擊力卷軸60%卷軸,144,3,3,3,0.00%,2025-06-24
披風智力卷軸60%卷軸,133,2,4,6,-36.19%,2025-06-24
短劍攻擊卷軸10%卷軸,127,7,7,8,-2.30%,2025-06-24
頭盔體力卷軸60%卷軸,123,2,4,6,-20.15%,2025-06-24
長杖魔力卷軸60%卷軸,106,2,2,3,-24.15%,2025-06-24
上衣力量卷軸60%卷軸,102,14,20,24,-16.57%,2025-06-24
耳環智力卷軸10%卷軸,102,32,39,43,-8.94%,2025-06-24
弓攻擊卷軸10%卷軸,101,5,7,9,+4.56%,2025-06-24
土飛鏢裝備,100,15,35,55,-41.14%,2025-06-24
弓攻擊卷軸60%卷軸,99,2,2,3,-14.98%,2025-06-24
眼部裝飾敏捷性卷軸10%卷軸,94,115,125,135,+3.86%,2025-06-24
套服智力卷軸10%卷軸,93,26,30,33,-2.96%,2025-06-24
盾牌生命卷軸60%卷軸,88,3,6,10,-26.19%,2025-06-24
盾牌幸運卷軸10%卷軸,86,4,6,8,-15.93%,2025-06-24
下衣敏捷性卷軸100%卷軸,77,3,6,15,-50.53%,2025-06-24
套服幸運卷軸10%卷軸,77,18,25,35,+19.79%,2025-06-24
頭盔敏捷性卷軸60%卷軸,76,85,107,120,-10.80%,2025-06-24
手套敏捷性卷軸60%卷軸,75,1,1,1,0.00%,2025-06-24
眼部裝飾幸運卷軸10%卷軸,75,70,80,91,+9.47%,2025-06-24
耳飾幸運卷軸60%卷軸,74,170,180,190,+1.16%,2025-06-24
頭盔智力卷軸100%卷軸,72,1,1,2,-36.89%,2025-06-24
下衣敏捷性卷軸10%卷軸,71,13,20,28,-24.04%,2025-06-24
手套攻擊卷軸60%卷軸,926,11,14,19,-20.21%,2025-06-25
披風敏捷性卷軸60%卷軸,711,17,20,25,-10.75%,2025-06-25
盾牌幸運卷軸60%卷軸,648,7,10,16,-27.05%,2025-06-25
披風幸運卷軸60%卷軸,645,6,9,14,-27.31%,2025-06-25
套服幸運卷軸60%卷軸,552,35,40,48,-8.49%,2025-06-25
套服敏捷卷軸60%卷軸,479,8,12,17,-23.99%,2025-06-25
耳飾幸運卷軸10%卷軸,468,2,2,3,-14.64%,2025-06-25
套服智力卷軸60%卷軸,399,45,55,65,-8.67%,2025-06-25
拳套攻擊卷軸10%卷軸,379,7,9,11,+6.39%,2025-06-25
頭盔敏捷性卷軸100%卷軸,355,1,5,9,+69.04%,2025-06-25
披風力量卷軸60%卷軸,353,8,12,16,-17.87%,2025-06-25
短劍攻擊卷軸60%卷軸,343,4,6,8,-23.56%,2025-06-25
耳環智力卷軸60%卷軸,333,6,8,11,-23.25%,2025-06-25
拳套攻擊卷軸60%卷軸,332,2,4,6,-23.32%,2025-06-25
鞋子跳躍卷軸60%卷軸,308,9,11,13,-5.55%,2025-06-25
下衣敏捷性卷軸60%卷軸,270,190,210,230,-4.50%,2025-06-25
套服敏捷卷軸10%卷軸,255,8,8,9,+0.86%,2025-06-25
套服智力卷軸100%卷軸,241,17,20,25,-8.77%,2025-06-25
頭盔智力卷軸60%卷軸,225,38,45,47,-4.05%,2025-06-25
手槍攻擊力卷軸60%卷軸,221,2,3,3,-17.58%,2025-06-25
手槍攻擊力卷軸10%卷軸,209,7,9,11,-5.44%,2025-06-25
短劍攻擊卷軸10%卷軸,206,5,7,9,-10.05%,2025-06-25
耳飾敏捷卷軸60%卷軸,205,200,270,320,-14.70%,2025-06-25
手套攻擊卷軸10%卷軸,200,10,12,14,-3.18%,2025-06-25
耳飾敏捷卷軸100%卷軸,194,10,23,42,-40.07%,2025-06-25
上衣幸運卷軸60%卷軸,191,105,120,125,-1.30%,2025-06-25
頭盔智力卷軸100%卷軸,186,1,2,4,+20.01%,2025-06-25
頭盔敏捷性卷軸60%卷軸,180,75,110,260,+42.94%,2025-06-25
披風幸運卷軸10%卷軸,179,2,2,3,-11.45%,2025-06-25
鞋子跳躍卷軸10%卷軸,172,2,2,3,-17.26%,2025-06-25
套服幸運卷軸100%卷軸,169,5,13,19,-41.78%,2025-06-25
耳飾幸運卷軸100%卷軸,168,2,3,6,-34.10%,2025-06-25
短杖魔力卷軸60%卷軸,163,2,2,3,-12.45%,2025-06-25
披風智力卷軸60%卷軸,146,2,3,5,-34.41%,2025-06-25
耳環智力卷軸10%卷軸,132,25,35,45,-6.50%,2025-06-25
上衣力量卷軸60%卷軸,128,12,19,22,-21.98%,2025-06-25
長杖魔力卷軸60%卷軸,126,2,2,3,-15.50%,2025-06-25
弓攻擊卷軸10%卷軸,123,5,7,9,+2.28%,2025-06-25
套服智力卷軸10%卷軸,121,23,30,33,-5.22%,2025-06-25
土飛鏢裝備,108,10,30,55,-49.46%,2025-06-25
弓攻擊卷軸60%卷軸,104,1,2,2,-26.77%,2025-06-25
盾牌生命卷軸60%卷軸,103,2,6,9,-32.83%,2025-06-25
眼部裝飾敏捷性卷軸10%卷軸,99,115,127,135,-0.20%,2025-06-25
盾牌幸運卷軸10%卷軸,90,4,6,8,-14.25%,2025-06-25
下衣敏捷性卷軸10%卷軸,89,13,20,28,-7.48%,2025-06-25
耳飾幸運卷軸60%卷軸,89,160,180,195,-5.50%,2025-06-25
頭盔體力卷軸60%卷軸,89,3,4,4,-11.75%,2025-06-25
眼部裝飾幸運卷軸10%卷軸,82,70,80,99,+7.30%,2025-06-25
下衣敏捷性卷軸100%卷軸,77,2,5,11,-49.41%,2025-06-25
手套敏捷性卷軸60%卷軸,77,1,1,1,0.00%,2025-06-25
手套攻擊卷軸60%卷軸,1016,10,13,18,-18.15%,2025-06-26
盾牌幸運卷軸60%卷軸,651,6,9,14,-21.21%,2025-06-26
披風幸運卷軸60%卷軸,645,6,8,11,-17.62%,2025-06-26
披風敏捷性卷軸60%卷軸,639,18,20,23,-6.61%,2025-06-26
套服幸運卷軸60%卷軸,605,35,40,47,-3.62%,2025-06-26
耳飾幸運卷軸10%卷軸,529,2,2,3,-13.65%,2025-06-26
套服敏捷卷軸60%卷軸,475,8,12,16,-23.56%,2025-06-26
頭盔敏捷性卷軸100%卷軸,447,2,4,7,+57.42%,2025-06-26
拳套攻擊卷軸10%卷軸,423,7,9,11,+6.88%,2025-06-26
耳環智力卷軸60%卷軸,418,5,7,12,-23.50%,2025-06-26
披風力量卷軸60%卷軸,400,8,12,16,-19.80%,2025-06-26
套服智力卷軸60%卷軸,397,47,51,60,-4.65%,2025-06-26
拳套攻擊卷軸60%卷軸,382,2,4,6,-21.74%,2025-06-26
短劍攻擊卷軸60%卷軸,370,3,5,7,-28.16%,2025-06-26
鞋子跳躍卷軸60%卷軸,340,8,10,12,-8.75%,2025-06-26
套服敏捷卷軸10%卷軸,291,8,8,9,-0.54%,2025-06-26
手槍攻擊力卷軸60%卷軸,271,2,3,3,-18.95%,2025-06-26
手槍攻擊力卷軸10%卷軸,247,7,9,11,-3.06%,2025-06-26
頭盔敏捷性卷軸60%卷軸,228,75,140,250,+61.29%,2025-06-26
頭盔智力卷軸100%卷軸,228,1,2,4,+52.32%,2025-06-26
短劍攻擊卷軸10%卷軸,221,5,7,9,-15.83%,2025-06-26
頭盔智力卷軸60%卷軸,217,38,44,49,-1.23%,2025-06-26
下衣敏捷性卷軸60%卷軸,216,195,210,220,-3.12%,2025-06-26
套服智力卷軸100%卷軸,200,17,20,21,-4.69%,2025-06-26
上衣幸運卷軸60%卷軸,197,105,119,125,-2.42%,2025-06-26
耳飾敏捷卷軸60%卷軸,196,160,250,320,-15.74%,2025-06-26
耳飾幸運卷軸100%卷軸,194,1,3,5,-33.68%,2025-06-26
鞋子跳躍卷軸10%卷軸,190,2,2,3,-11.99%,2025-06-26
套服幸運卷軸100%卷軸,189,4,10,20,-43.31%,2025-06-26
披風智力卷軸60%卷軸,177,1,3,5,-29.74%,2025-06-26
耳飾敏捷卷軸100%卷軸,173,11,20,32,-34.07%,2025-06-26
手套攻擊卷軸10%卷軸,161,11,12,12,-1.11%,2025-06-26
弓攻擊卷軸10%卷軸,152,5,7,9,+2.65%,2025-06-26
披風幸運卷軸10%卷軸,151,2,2,2,0.00%,2025-06-26
長杖魔力卷軸60%卷軸,147,2,2,3,-9.28%,2025-06-26
弓攻擊卷軸60%卷軸,141,1,2,2,-28.06%,2025-06-26
短杖魔力卷軸60%卷軸,131,2,2,2,0.00%,2025-06-26
上衣力量卷軸60%卷軸,130,12,17,22,-20.24%,2025-06-26
套服智力卷軸10%卷軸,130,22,29,33,-9.24%,2025-06-26
耳環智力卷軸10%卷軸,129,24,35,43,-13.30%,2025-06-26
上衣幸運卷軸100%卷軸,117,1,2,2,-22.92%,2025-06-26
盾牌生命卷軸60%卷軸,110,2,5,9,-32.05%,2025-06-26
土飛鏢裝備,109,9,24,45,-49.81%,2025-06-26
眼部裝飾敏捷性卷軸10%卷軸,108,115,125,135,-1.96%,2025-06-26
下衣敏捷性卷軸10%卷軸,103,15,20,25,+1.20%,2025-06-26
盾牌幸運卷軸10%卷軸,97,4,6,8,-22.89%,2025-06-26
耳飾幸運卷軸60%卷軸,88,155,179,190,-6.62%,2025-06-26
套服幸運卷軸10%卷軸,87,22,29,33,+4.48%,2025-06-26
長杖魔力卷軸10%卷軸,87,5,5,6,-7.65%,2025-06-26
頭盔體力卷軸60%卷軸,85,3,3,4,-6.31%,2025-06-26
手套攻擊卷軸60%卷軸,846,11,13,16,-11.58%,2025-06-27
披風敏捷性卷軸60%卷軸,799,16,20,24,-7.39%,2025-06-27
披風幸運卷軸60%卷軸,748,6,7,11,-13.97%,2025-06-27
盾牌幸運卷軸60%卷軸,562,7,8,11,-10.10%,2025-06-27
耳飾幸運卷軸10%卷軸,556,2,2,3,-12.68%,2025-06-27
套服敏捷卷軸10%卷軸,503,6,8,10,-9.46%,2025-06-27
套服敏捷卷軸60%卷軸,500,7,11,15,-31.67%,2025-06-27
頭盔敏捷性卷軸100%卷軸,493,2,4,7,-22.54%,2025-06-27
套服幸運卷軸60%卷軸,430,37,39,41,+0.31%,2025-06-27
耳環智力卷軸60%卷軸,428,5,7,10,-21.78%,2025-06-27
拳套攻擊卷軸60%卷軸,423,2,3,6,-18.99%,2025-06-27
短劍攻擊卷軸60%卷軸,399,3,5,7,-28.10%,2025-06-27
套服智力卷軸60%卷軸,360,48,50,57,-0.80%,2025-06-27
鞋子跳躍卷軸60%卷軸,360,8,10,12,-8.77%,2025-06-27
披風力量卷軸60%卷軸,336,9,11,14,-13.44%,2025-06-27
拳套攻擊卷軸10%卷軸,328,9,10,10,+0.12%,2025-06-27
手槍攻擊力卷軸60%卷軸,293,2,2,3,-13.60%,2025-06-27
耳飾敏捷卷軸60%卷軸,263,100,225,320,-38.66%,2025-06-27
頭盔敏捷性卷軸60%卷軸,262,75,149,245,+13.63%,2025-06-27
下衣敏捷性卷軸60%卷軸,239,185,200,225,-5.59%,2025-06-27
頭盔智力卷軸100%卷軸,236,1,2,4,+16.49%,2025-06-27
頭盔智力卷軸60%卷軸,233,38,45,50,+11.39%,2025-06-27
套服智力卷軸100%卷軸,222,17,19,21,-6.09%,2025-06-27
短杖魔力卷軸60%卷軸,211,1,2,2,-20.55%,2025-06-27
短劍攻擊卷軸10%卷軸,209,5,7,9,-21.26%,2025-06-27
上衣幸運卷軸60%卷軸,194,105,119,125,-3.93%,2025-06-27
耳飾幸運卷軸100%卷軸,193,1,3,5,-23.15%,2025-06-27
套服幸運卷軸100%卷軸,190,4,9,19,-40.97%,2025-06-27
耳飾敏捷卷軸100%卷軸,190,10,18,30,-41.02%,2025-06-27
手套攻擊卷軸10%卷軸,181,11,12,12,-0.27%,2025-06-27
披風幸運卷軸10%卷軸,180,2,2,2,0.00%,2025-06-27
披風智力卷軸60%卷軸,179,1,3,5,-22.86%,2025-06-27
弓攻擊卷軸10%卷軸,161,5,7,9,-3.50%,2025-06-27
弓攻擊卷軸60%卷軸,158,1,1,2,-20.41%,2025-06-27
手槍攻擊力卷軸10%卷軸,157,8,8,9,-4.39%,2025-06-27
長杖魔力卷軸60%卷軸,153,2,2,3,-7.40%,2025-06-27
耳環智力卷軸10%卷軸,148,18,32,41,-29.71%,2025-06-27
鞋子跳躍卷軸10%卷軸,146,2,2,2,0.00%,2025-06-27
套服智力卷軸10%卷軸,135,22,28,33,-10.59%,2025-06-27
上衣力量卷軸60%卷軸,130,10,15,24,-15.18%,2025-06-27
上衣幸運卷軸100%卷軸,129,1,2,2,-16.98%,2025-06-27
盾牌生命卷軸60%卷軸,120,2,4,8,-47.13%,2025-06-27
下衣敏捷性卷軸10%卷軸,109,15,20,25,+5.17%,2025-06-27
土飛鏢裝備,109,9,20,50,-47.14%,2025-06-27
長杖魔力卷軸10%卷軸,104,5,5,6,-6.49%,2025-06-27
眼部裝飾敏捷性卷軸10%卷軸,98,115,129,135,-3.26%,2025-06-27
盾牌幸運卷軸10%卷軸,92,3,5,7,-26.96%,2025-06-27
耳飾幸運卷軸60%卷軸,91,145,175,195,-10.43%,2025-06-27
套服幸運卷軸10%卷軸,88,23,29,33,+0.67%,2025-06-27
手套敏捷性卷軸60%卷軸,84,1,1,1,0.00%,2025-06-27
手套攻擊卷軸60%卷軸,980,10,12,15,-12.02%,2025-06-28
披風敏捷性卷軸60%卷軸,757,17,19,21,-3.44%,2025-06-28
盾牌幸運卷軸60%卷軸,672,7,8,11,-8.55%,2025-06-28
披風幸運卷軸60%卷軸,594,7,7,8,-2.08%,2025-06-28
套服敏捷卷軸10%卷軸,543,6,8,10,-4.99%,2025-06-28
頭盔敏捷性卷軸100%卷軸,537,2,4,7,-29.04%,2025-06-28
套服敏捷卷軸60%卷軸,510,6,10,14,-26.98%,2025-06-28
套服幸運卷軸60%卷軸,491,37,39,41,+1.12%,2025-06-28
耳飾幸運卷軸10%卷軸,464,2,2,2,0.00%,2025-06-28
耳環智力卷軸60%卷軸,444,5,7,9,-15.41%,2025-06-28
短劍攻擊卷軸60%卷軸,420,3,4,7,-25.15%,2025-06-28
套服智力卷軸60%卷軸,417,48,50,57,+2.01%,2025-06-28
鞋子跳躍卷軸60%卷軸,385,8,10,12,-9.42%,2025-06-28
披風力量卷軸60%卷軸,384,8,10,13,-14.07%,2025-06-28
拳套攻擊卷軸10%卷軸,375,9,10,10,+1.95%,2025-06-28
頭盔智力卷軸60%卷軸,348,30,46,90,+71.80%,2025-06-28
拳套攻擊卷軸60%卷軸,327,3,3,4,-4.58%,2025-06-28
頭盔敏捷性卷軸60%卷軸,324,85,150,235,+3.97%,2025-06-28
手槍攻擊力卷軸60%卷軸,317,2,2,3,-6.61%,2025-06-28
耳飾敏捷卷軸60%卷軸,306,100,150,290,-39.55%,2025-06-28
頭盔智力卷軸100%卷軸,272,1,2,4,-13.31%,2025-06-28
套服智力卷軸100%卷軸,265,17,19,21,+0.46%,2025-06-28
短杖魔力卷軸60%卷軸,262,1,2,2,-24.76%,2025-06-28
下衣敏捷性卷軸60%卷軸,258,180,200,220,-5.63%,2025-06-28
上衣幸運卷軸60%卷軸,217,105,115,125,-3.58%,2025-06-28
弓攻擊卷軸60%卷軸,209,1,1,2,-15.02%,2025-06-28
短劍攻擊卷軸10%卷軸,204,4,6,8,-31.39%,2025-06-28
耳飾敏捷卷軸100%卷軸,200,7,17,28,-39.61%,2025-06-28
披風幸運卷軸10%卷軸,197,2,2,2,0.00%,2025-06-28
手套攻擊卷軸10%卷軸,191,11,12,12,+0.60%,2025-06-28
弓攻擊卷軸10%卷軸,180,5,7,9,-8.73%,2025-06-28
套服幸運卷軸100%卷軸,166,5,7,12,-20.83%,2025-06-28
耳飾幸運卷軸100%卷軸,163,2,2,3,-10.25%,2025-06-28
耳環智力卷軸10%卷軸,161,18,30,40,-17.24%,2025-06-28
手槍攻擊力卷軸10%卷軸,157,8,8,9,-2.85%,2025-06-28
披風智力卷軸60%卷軸,155,2,2,3,-9.74%,2025-06-28
鞋子跳躍卷軸10%卷軸,151,2,2,2,0.00%,2025-06-28
上衣幸運卷軸100%卷軸,146,1,2,2,-23.62%,2025-06-28
套服智力卷軸10%卷軸,143,22,27,33,-5.95%,2025-06-28
頭盔體力卷軸60%卷軸,143,1,3,5,-31.15%,2025-06-28
上衣力量卷軸60%卷軸,138,11,15,22,-15.23%,2025-06-28
盾牌生命卷軸60%卷軸,126,1,4,7,-53.63%,2025-06-28
下衣敏捷性卷軸10%卷軸,120,16,20,25,+9.36%,2025-06-28
長杖魔力卷軸60%卷軸,120,2,2,2,0.00%,2025-06-28
土飛鏢裝備,116,7,16,40,-37.08%,2025-06-28
套服幸運卷軸10%卷軸,104,23,29,33,+4.65%,2025-06-28
盾牌幸運卷軸10%卷軸,100,3,5,7,-25.64%,2025-06-28
耳飾幸運卷軸60%卷軸,99,130,165,200,-14.32%,2025-06-28
長杖魔力卷軸10%卷軸,99,5,5,6,-3.84%,2025-06-28
手套攻擊卷軸100%卷軸,97,1,1,2,-32.69%,2025-06-28
手套攻擊卷軸60%卷軸,1049,10,12,14,-10.70%,2025-06-29
披風敏捷性卷軸60%卷軸,874,17,19,21,-3.62%,2025-06-29
披風幸運卷軸60%卷軸,753,7,7,8,-1.19%,2025-06-29
套服幸運卷軸60%卷軸,582,37,40,41,+1.80%,2025-06-29
套服敏捷卷軸60%卷軸,577,5,8,13,-23.48%,2025-06-29
頭盔敏捷性卷軸100%卷軸,559,2,4,7,-36.23%,2025-06-29
耳飾幸運卷軸10%卷軸,535,2,2,2,0.00%,2025-06-29
盾牌幸運卷軸60%卷軸,532,8,8,9,-3.36%,2025-06-29
套服智力卷軸60%卷軸,475,48,50,57,+3.78%,2025-06-29
短劍攻擊卷軸60%卷軸,418,2,4,6,-26.61%,2025-06-29
披風力量卷軸60%卷軸,415,8,10,12,-13.39%,2025-06-29
拳套攻擊卷軸10%卷軸,413,9,10,10,+3.72%,2025-06-29
套服敏捷卷軸10%卷軸,389,8,8,9,-1.66%,2025-06-29
頭盔智力卷軸60%卷軸,371,30,75,100,+56.43%,2025-06-29
拳套攻擊卷軸60%卷軸,360,3,3,4,-4.16%,2025-06-29
耳飾敏捷卷軸60%卷軸,359,100,140,250,-26.39%,2025-06-29
手槍攻擊力卷軸60%卷軸,341,2,2,3,-9.59%,2025-06-29
耳環智力卷軸60%卷軸,321,6,6,7,-4.36%,2025-06-29
頭盔智力卷軸100%卷軸,307,1,2,4,-18.35%,2025-06-29
鞋子跳躍卷軸60%卷軸,290,9,9,10,-2.79%,2025-06-29
短杖魔力卷軸60%卷軸,287,1,1,2,-22.73%,2025-06-29
頭盔敏捷性卷軸60%卷軸,279,115,150,200,-10.66%,2025-06-29
手槍攻擊力卷軸10%卷軸,265,6,8,10,-10.38%,2025-06-29
套服智力卷軸100%卷軸,257,17,19,21,+4.29%,2025-06-29
弓攻擊卷軸60%卷軸,248,1,1,2,+0.51%,2025-06-29
手套攻擊卷軸10%卷軸,246,11,12,12,+0.80%,2025-06-29
鞋子跳躍卷軸10%卷軸,222,1,2,2,-29.30%,2025-06-29
短劍攻擊卷軸10%卷軸,214,3,6,8,-36.64%,2025-06-29
下衣敏捷性卷軸60%卷軸,204,185,195,205,-2.12%,2025-06-29
披風幸運卷軸10%卷軸,202,2,2,2,0.00%,2025-06-29
耳飾敏捷卷軸100%卷軸,195,9,15,25,-35.75%,2025-06-29
上衣幸運卷軸60%卷軸,192,104,110,123,-2.27%,2025-06-29
長杖魔力卷軸60%卷軸,191,1,2,2,-15.85%,2025-06-29
耳飾幸運卷軸100%卷軸,184,2,2,3,-16.07%,2025-06-29
披風智力卷軸60%卷軸,179,2,2,3,-9.00%,2025-06-29
耳環智力卷軸10%卷軸,172,18,30,40,-1.89%,2025-06-29
套服幸運卷軸100%卷軸,167,5,7,9,-9.19%,2025-06-29
上衣幸運卷軸100%卷軸,162,1,1,2,-26.19%,2025-06-29
套服智力卷軸10%卷軸,149,23,27,30,-1.45%,2025-06-29
弓攻擊卷軸10%卷軸,140,6,6,7,-7.31%,2025-06-29
盾牌生命卷軸60%卷軸,140,1,2,5,-46.70%,2025-06-29
下衣敏捷性卷軸10%卷軸,131,16,21,25,+14.84%,2025-06-29
眼部裝飾敏捷性卷軸10%卷軸,129,100,120,140,-8.01%,2025-06-29
頭盔體力卷軸60%卷軸,128,2,2,3,-8.97%,2025-06-29
套服幸運卷軸10%卷軸,120,25,29,32,+1.66%,2025-06-29
上衣力量卷軸60%卷軸,117,12,14,16,-3.51%,2025-06-29
土飛鏢裝備,113,9,15,25,-12.00%,2025-06-29
手套攻擊卷軸100%卷軸,106,1,1,2,-25.69%,2025-06-29
長杖魔力卷軸10%卷軸,106,5,5,6,-1.29%,2025-06-29
單手劍命中卷軸60%卷軸,102,5,8,12,-27.27%,2025-06-29
手套攻擊卷軸60%卷軸,1090,9,11,13,-7.71%,2025-06-30
披風敏捷性卷軸60%卷軸,928,17,18,21,-2.57%,2025-06-30
披風幸運卷軸60%卷軸,861,7,7,8,-0.71%,2025-06-30
套服幸運卷軸60%卷軸,632,37,40,41,+1.55%,2025-06-30
頭盔敏捷性卷軸100%卷軸,581,2,4,7,-43.56%,2025-06-30
盾牌幸運卷軸60%卷軸,571,8,8,9,-2.15%,2025-06-30
耳飾幸運卷軸10%卷軸,569,2,2,2,0.00%,2025-06-30
套服敏捷卷軸60%卷軸,552,6,7,10,-11.35%,2025-06-30
套服智力卷軸60%卷軸,485,48,52,57,+4.40%,2025-06-30
拳套攻擊卷軸10%卷軸,467,9,10,10,+2.27%,2025-06-30
套服敏捷卷軸10%卷軸,422,8,8,9,-1.11%,2025-06-30
披風力量卷軸60%卷軸,408,7,9,11,-9.07%,2025-06-30
頭盔智力卷軸60%卷軸,407,35,80,100,+35.16%,2025-06-30
耳環智力卷軸60%卷軸,357,6,6,7,-1.92%,2025-06-30
鞋子跳躍卷軸60%卷軸,346,9,9,10,-0.94%,2025-06-30
頭盔智力卷軸100%卷軸,341,1,2,4,-25.39%,2025-06-30
頭盔敏捷性卷軸60%卷軸,325,115,150,200,-12.45%,2025-06-30
短劍攻擊卷軸60%卷軸,323,3,3,4,-13.23%,2025-06-30
手槍攻擊力卷軸60%卷軸,322,2,2,2,0.00%,2025-06-30
耳飾敏捷卷軸60%卷軸,319,120,135,160,+1.35%,2025-06-30
短杖魔力卷軸60%卷軸,309,1,1,2,-12.96%,2025-06-30
拳套攻擊卷軸60%卷軸,302,3,3,3,0.00%,2025-06-30
弓攻擊卷軸60%卷軸,291,1,1,2,+8.98%,2025-06-30
手套攻擊卷軸10%卷軸,277,11,12,12,+0.72%,2025-06-30
上衣幸運卷軸60%卷軸,268,95,110,122,-7.89%,2025-06-30
下衣敏捷性卷軸60%卷軸,256,182,190,205,-1.40%,2025-06-30
套服幸運卷軸100%卷軸,246,5,7,9,-1.29%,2025-06-30
鞋子跳躍卷軸10%卷軸,239,1,2,2,-28.77%,2025-06-30
套服智力卷軸100%卷軸,221,17,20,21,+3.99%,2025-06-30
耳飾幸運卷軸100%卷軸,212,2,2,3,-14.93%,2025-06-30
短劍攻擊卷軸10%卷軸,209,3,5,8,-31.95%,2025-06-30
手槍攻擊力卷軸10%卷軸,202,7,8,8,-2.07%,2025-06-30
披風幸運卷軸10%卷軸,194,2,2,2,0.00%,2025-06-30
長杖魔力卷軸60%卷軸,193,1,2,2,-16.54%,2025-06-30
上衣幸運卷軸100%卷軸,184,1,1,2,-16.28%,2025-06-30
套服智力卷軸10%卷軸,166,23,27,30,+0.99%,2025-06-30
盾牌生命卷軸60%卷軸,163,1,2,5,-47.86%,2025-06-30
耳飾敏捷卷軸100%卷軸,162,8,12,19,-19.52%,2025-06-30
耳環智力卷軸10%卷軸,161,18,30,40,+8.40%,2025-06-30
披風智力卷軸60%卷軸,157,2,2,2,0.00%,2025-06-30
頭盔體力卷軸60%卷軸,146,2,2,3,-5.87%,2025-06-30
下衣敏捷性卷軸10%卷軸,139,17,22,27,+14.97%,2025-06-30
弓攻擊卷軸10%卷軸,139,6,6,7,-6.71%,2025-06-30
套服幸運卷軸10%卷軸,136,25,29,32,-0.43%,2025-06-30
上衣力量卷軸60%卷軸,135,12,14,16,-0.74%,2025-06-30
眼部裝飾敏捷性卷軸10%卷軸,133,100,120,135,-4.67%,2025-06-30
短杖魔力卷軸10%卷軸,122,7,9,11,+5.66%,2025-06-30
下衣體力卷軸60%卷軸,117,2,2,3,-6.26%,2025-06-30
盾牌幸運卷軸10%卷軸,110,3,3,4,-8.44%,2025-06-30
海賊王帽子裝備,103,100,130,185,-18.09%,2025-06-30
手套攻擊卷軸60%卷軸,1138,9,11,13,-4.79%,2025-07-01
披風幸運卷軸60%卷軸,931,7,7,8,-0.45%,2025-07-01
頭盔敏捷性卷軸100%卷軸,659,1,3,8,-59.89%,2025-07-01
耳飾幸運卷軸10%卷軸,607,2,2,2,0.00%,2025-07-01
套服智力卷軸60%卷軸,598,47,55,60,+7.93%,2025-07-01
披風敏捷性卷軸60%卷軸,567,18,18,19,-0.18%,2025-07-01
耳環智力卷軸60%卷軸,513,4,6,8,-3.12%,2025-07-01
拳套攻擊卷軸10%卷軸,503,9,10,10,+0.21%,2025-07-01
套服幸運卷軸60%卷軸,501,39,40,40,+0.24%,2025-07-01
盾牌幸運卷軸60%卷軸,474,8,8,8,0.00%,2025-07-01
拳套攻擊卷軸60%卷軸,472,2,3,3,-3.95%,2025-07-01
手套攻擊卷軸10%卷軸,449,10,12,14,+3.10%,2025-07-01
套服敏捷卷軸60%卷軸,445,7,7,8,-1.98%,2025-07-01
披風力量卷軸60%卷軸,443,7,9,11,-5.82%,2025-07-01
套服敏捷卷軸10%卷軸,436,8,8,9,+2.27%,2025-07-01
頭盔敏捷性卷軸60%卷軸,372,115,145,200,-13.82%,2025-07-01
手槍攻擊力卷軸60%卷軸,358,2,2,2,0.00%,2025-07-01
耳飾敏捷卷軸60%卷軸,352,124,138,150,+0.41%,2025-07-01
鞋子跳躍卷軸60%卷軸,344,9,9,10,-0.06%,2025-07-01
短劍攻擊卷軸60%卷軸,338,3,3,4,-9.17%,2025-07-01
頭盔智力卷軸60%卷軸,337,70,84,90,+2.05%,2025-07-01
短杖魔力卷軸60%卷軸,330,1,1,2,-0.09%,2025-07-01
下衣敏捷性卷軸60%卷軸,326,178,190,205,+0.06%,2025-07-01
弓攻擊卷軸60%卷軸,314,1,1,2,+5.78%,2025-07-01
套服智力卷軸100%卷軸,309,15,20,26,+25.58%,2025-07-01
頭盔智力卷軸100%卷軸,283,1,1,2,-11.10%,2025-07-01
鞋子跳躍卷軸10%卷軸,245,1,1,2,-25.08%,2025-07-01
上衣幸運卷軸60%卷軸,240,95,105,115,-5.17%,2025-07-01
套服幸運卷軸100%卷軸,224,7,7,8,+0.68%,2025-07-01
長杖魔力卷軸60%卷軸,200,1,2,2,-18.13%,2025-07-01
披風幸運卷軸10%卷軸,197,2,2,2,0.00%,2025-07-01
上衣幸運卷軸100%卷軸,191,1,1,2,-10.79%,2025-07-01
手槍攻擊力卷軸10%卷軸,186,7,8,8,-1.89%,2025-07-01
耳飾敏捷卷軸100%卷軸,167,8,12,18,-15.28%,2025-07-01
下衣敏捷性卷軸10%卷軸,166,17,23,28,+13.53%,2025-07-01
耳飾幸運卷軸100%卷軸,166,2,2,2,0.00%,2025-07-01
套服智力卷軸10%卷軸,164,23,27,30,+3.82%,2025-07-01
上衣力量卷軸60%卷軸,158,12,14,16,-1.63%,2025-07-01
披風智力卷軸60%卷軸,154,2,2,2,0.00%,2025-07-01
耳環智力卷軸10%卷軸,150,19,30,39,+13.74%,2025-07-01
頭盔體力卷軸60%卷軸,148,2,2,3,-1.10%,2025-07-01
盾牌生命卷軸60%卷軸,145,1,2,2,-31.90%,2025-07-01
盾牌幸運卷軸10%卷軸,144,3,3,4,-2.93%,2025-07-01
海賊王帽子裝備,137,100,125,170,-15.09%,2025-07-01
套服幸運卷軸10%卷軸,129,27,29,31,-2.06%,2025-07-01
弓攻擊卷軸10%卷軸,129,6,6,7,-5.49%,2025-07-01
短杖魔力卷軸10%卷軸,123,7,9,11,+12.56%,2025-07-01
下衣體力卷軸60%卷軸,120,2,2,3,+3.92%,2025-07-01
短劍攻擊卷軸10%卷軸,119,4,4,5,-7.99%,2025-07-01
長杖魔力卷軸10%卷軸,115,4,5,5,-5.11%,2025-07-01
披風敏捷性卷軸60%卷軸,1020,16,18,20,-1.99%,2025-07-02
披風幸運卷軸60%卷軸,1018,7,7,8,-0.56%,2025-07-02
手套攻擊卷軸60%卷軸,856,10,10,11,-1.48%,2025-07-02
盾牌幸運卷軸60%卷軸,680,7,8,8,-4.20%,2025-07-02
耳飾幸運卷軸10%卷軸,649,2,2,2,0.00%,2025-07-02
套服智力卷軸60%卷軸,596,49,55,60,+4.67%,2025-07-02
套服幸運卷軸60%卷軸,552,39,40,40,+0.26%,2025-07-02
拳套攻擊卷軸10%卷軸,544,9,10,10,+0.21%,2025-07-02
套服敏捷卷軸60%卷軸,523,7,7,8,-1.91%,2025-07-02
拳套攻擊卷軸60%卷軸,500,2,3,3,-7.50%,2025-07-02
手套攻擊卷軸10%卷軸,467,10,12,14,+0.36%,2025-07-02
套服敏捷卷軸10%卷軸,458,8,8,9,+1.85%,2025-07-02
披風力量卷軸60%卷軸,436,7,8,11,-9.75%,2025-07-02
耳環智力卷軸60%卷軸,435,5,6,6,-2.77%,2025-07-02
頭盔敏捷性卷軸100%卷軸,418,1,3,5,-51.86%,2025-07-02
手槍攻擊力卷軸60%卷軸,380,2,2,2,0.00%,2025-07-02
短杖魔力卷軸60%卷軸,367,1,1,2,+4.01%,2025-07-02
耳飾敏捷卷軸60%卷軸,366,125,135,145,+1.35%,2025-07-02
弓攻擊卷軸60%卷軸,344,1,1,2,-5.87%,2025-07-02
鞋子跳躍卷軸60%卷軸,344,9,9,10,-1.90%,2025-07-02
短劍攻擊卷軸60%卷軸,330,3,3,4,-6.71%,2025-07-02
頭盔智力卷軸60%卷軸,328,77,85,90,-1.21%,2025-07-02
頭盔敏捷性卷軸60%卷軸,309,118,140,165,-9.90%,2025-07-02
下衣敏捷性卷軸60%卷軸,304,183,190,201,+1.07%,2025-07-02
套服智力卷軸100%卷軸,302,16,20,26,+18.99%,2025-07-02
上衣幸運卷軸60%卷軸,279,95,105,115,-1.30%,2025-07-02
鞋子跳躍卷軸10%卷軸,263,1,1,2,-20.35%,2025-07-02
頭盔智力卷軸100%卷軸,240,1,1,2,-13.79%,2025-07-02
套服幸運卷軸100%卷軸,230,7,7,8,+2.86%,2025-07-02
長杖魔力卷軸60%卷軸,221,1,1,2,-13.37%,2025-07-02
披風幸運卷軸10%卷軸,200,2,2,2,0.00%,2025-07-02
披風智力卷軸60%卷軸,193,1,2,2,-27.02%,2025-07-02
弓攻擊卷軸10%卷軸,189,4,6,8,-21.35%,2025-07-02
耳飾幸運卷軸100%卷軸,185,2,2,2,0.00%,2025-07-02
手槍攻擊力卷軸10%卷軸,178,7,8,8,-5.68%,2025-07-02
盾牌幸運卷軸10%卷軸,178,3,3,4,+0.64%,2025-07-02
頭盔體力卷軸60%卷軸,178,2,2,3,-4.58%,2025-07-02
套服智力卷軸10%卷軸,174,22,27,31,+5.08%,2025-07-02
盾牌生命卷軸60%卷軸,174,1,2,2,-26.48%,2025-07-02
海賊王帽子裝備,164,100,120,160,-9.25%,2025-07-02
上衣力量卷軸60%卷軸,163,12,14,16,-1.88%,2025-07-02
套服幸運卷軸10%卷軸,157,27,29,31,+0.44%,2025-07-02
耳飾敏捷卷軸100%卷軸,152,9,11,13,-2.04%,2025-07-02
短劍攻擊卷軸10%卷軸,151,4,4,5,-6.30%,2025-07-02
耳環智力卷軸10%卷軸,149,19,30,36,+14.02%,2025-07-02
短杖魔力卷軸10%卷軸,146,7,9,11,+7.35%,2025-07-02
上衣幸運卷軸100%卷軸,144,1,1,1,0.00%,2025-07-02
下衣敏捷性卷軸10%卷軸,143,20,24,27,+9.52%,2025-07-02
長杖魔力卷軸10%卷軸,131,4,5,5,-8.17%,2025-07-02
下衣體力卷軸60%卷軸,127,2,2,3,+5.92%,2025-07-02
披風敏捷性卷軸60%卷軸,1048,16,18,20,-2.75%,2025-07-03
手套攻擊卷軸60%卷軸,1019,10,10,11,-2.32%,2025-07-03
披風幸運卷軸60%卷軸,822,7,7,7,0.00%,2025-07-03
盾牌幸運卷軸60%卷軸,714,7,8,8,-7.15%,2025-07-03
耳飾幸運卷軸10%卷軸,665,2,2,2,0.00%,2025-07-03
套服敏捷卷軸60%卷軸,608,7,7,8,-1.51%,2025-07-03
拳套攻擊卷軸60%卷軸,527,2,3,3,-10.24%,2025-07-03
套服幸運卷軸60%卷軸,523,40,40,41,+0.24%,2025-07-03
套服智力卷軸60%卷軸,519,53,56,60,+1.12%,2025-07-03
套服敏捷卷軸10%卷軸,513,8,8,9,+0.26%,2025-07-03
手套攻擊卷軸10%卷軸,493,10,12,14,+0.35%,2025-07-03
耳環智力卷軸60%卷軸,471,5,6,6,-2.34%,2025-07-03
拳套攻擊卷軸10%卷軸,431,10,10,10,0.00%,2025-07-03
耳飾敏捷卷軸60%卷軸,410,125,135,145,+1.46%,2025-07-03
手槍攻擊力卷軸60%卷軸,401,2,2,2,0.00%,2025-07-03
短杖魔力卷軸60%卷軸,393,1,1,2,-0.30%,2025-07-03
鞋子跳躍卷軸60%卷軸,352,9,9,10,-1.64%,2025-07-03
弓攻擊卷軸60%卷軸,346,1,1,2,+1.61%,2025-07-03
上衣幸運卷軸60%卷軸,317,95,105,115,+0.97%,2025-07-03
頭盔敏捷性卷軸100%卷軸,306,1,2,4,-36.10%,2025-07-03
頭盔敏捷性卷軸60%卷軸,304,115,140,160,-13.37%,2025-07-03
下衣敏捷性卷軸60%卷軸,299,186,195,202,+0.97%,2025-07-03
套服智力卷軸100%卷軸,268,18,23,26,+8.78%,2025-07-03
頭盔智力卷軸60%卷軸,268,77,80,89,-2.06%,2025-07-03
短劍攻擊卷軸60%卷軸,261,3,3,3,0.00%,2025-07-03
披風力量卷軸60%卷軸,257,8,8,9,-3.13%,2025-07-03
套服幸運卷軸100%卷軸,254,7,7,8,+3.60%,2025-07-03
手槍攻擊力卷軸10%卷軸,246,5,7,9,-16.81%,2025-07-03
頭盔智力卷軸100%卷軸,237,1,1,2,-10.33%,2025-07-03
長杖魔力卷軸60%卷軸,227,1,1,2,-8.06%,2025-07-03
披風幸運卷軸10%卷軸,221,2,2,2,0.00%,2025-07-03
披風智力卷軸60%卷軸,215,1,2,2,-21.55%,2025-07-03
盾牌生命卷軸60%卷軸,214,1,1,2,-26.60%,2025-07-03
鞋子跳躍卷軸10%卷軸,211,1,1,1,0.00%,2025-07-03
短劍攻擊卷軸10%卷軸,205,3,4,4,-0.14%,2025-07-03
耳飾幸運卷軸100%卷軸,194,2,2,2,0.00%,2025-07-03
盾牌幸運卷軸10%卷軸,188,3,3,4,+1.93%,2025-07-03
套服智力卷軸10%卷軸,187,22,27,31,+6.27%,2025-07-03
套服幸運卷軸10%卷軸,185,27,29,31,+2.94%,2025-07-03
海賊王帽子裝備,185,105,120,150,-8.34%,2025-07-03
耳飾敏捷卷軸100%卷軸,172,9,11,13,+3.60%,2025-07-03
下衣敏捷性卷軸10%卷軸,171,20,25,32,+20.24%,2025-07-03
上衣幸運卷軸100%卷軸,148,1,1,1,0.00%,2025-07-03
頭盔體力卷軸60%卷軸,143,2,2,2,0.00%,2025-07-03
耳環智力卷軸10%卷軸,137,26,30,36,+2.84%,2025-07-03
長杖魔力卷軸10%卷軸,137,4,5,5,-6.72%,2025-07-03
下衣體力卷軸60%卷軸,135,2,2,3,+6.97%,2025-07-03
土飛鏢裝備,135,10,13,17,-13.27%,2025-07-03
弓攻擊卷軸10%卷軸,134,5,6,6,-9.31%,2025-07-03
眼部裝飾敏捷性卷軸10%卷軸,132,105,110,125,-3.63%,2025-07-03
手套攻擊卷軸60%卷軸,1140,10,10,11,-1.83%,2025-07-04
披風敏捷性卷軸60%卷軸,1133,16,18,20,-0.95%,2025-07-04
披風幸運卷軸60%卷軸,887,7,7,7,0.00%,2025-07-04
盾牌幸運卷軸60%卷軸,785,7,8,8,-5.48%,2025-07-04
套服幸運卷軸60%卷軸,776,39,40,43,+2.55%,2025-07-04
套服敏捷卷軸60%卷軸,727,7,7,8,+0.26%,2025-07-04
耳飾幸運卷軸10%卷軸,687,2,2,2,0.00%,2025-07-04
套服智力卷軸60%卷軸,631,53,57,62,+2.01%,2025-07-04
拳套攻擊卷軸60%卷軸,555,2,3,3,-8.16%,2025-07-04
套服敏捷卷軸10%卷軸,552,8,8,9,+2.59%,2025-07-04
耳環智力卷軸60%卷軸,519,5,6,6,+1.25%,2025-07-04
拳套攻擊卷軸10%卷軸,491,10,10,10,0.00%,2025-07-04
耳飾敏捷卷軸60%卷軸,454,125,135,145,+0.92%,2025-07-04
手槍攻擊力卷軸60%卷軸,440,2,2,2,0.00%,2025-07-04
披風力量卷軸60%卷軸,429,6,8,10,-17.34%,2025-07-04
短杖魔力卷軸60%卷軸,429,1,1,2,+2.33%,2025-07-04
鞋子跳躍卷軸60%卷軸,377,9,9,10,-0.87%,2025-07-04
弓攻擊卷軸60%卷軸,375,1,1,2,+0.11%,2025-07-04
手套攻擊卷軸10%卷軸,361,11,12,12,-0.83%,2025-07-04
上衣幸運卷軸60%卷軸,342,95,105,115,+2.81%,2025-07-04
頭盔智力卷軸60%卷軸,337,73,80,89,-6.87%,2025-07-04
下衣敏捷性卷軸60%卷軸,320,186,195,202,+0.46%,2025-07-04
頭盔敏捷性卷軸60%卷軸,313,107,135,160,-16.23%,2025-07-04
套服幸運卷軸100%卷軸,285,7,7,8,+5.29%,2025-07-04
套服智力卷軸100%卷軸,281,18,23,26,+1.39%,2025-07-04
短劍攻擊卷軸60%卷軸,279,3,3,3,0.00%,2025-07-04
短劍攻擊卷軸10%卷軸,251,3,4,4,+2.04%,2025-07-04
頭盔敏捷性卷軸100%卷軸,246,1,2,2,-0.74%,2025-07-04
披風智力卷軸60%卷軸,245,1,2,2,-10.07%,2025-07-04
鞋子跳躍卷軸10%卷軸,242,1,1,1,0.00%,2025-07-04
頭盔智力卷軸100%卷軸,238,1,1,2,-10.11%,2025-07-04
長杖魔力卷軸60%卷軸,236,1,1,2,-2.62%,2025-07-04
盾牌生命卷軸60%卷軸,235,1,1,2,-24.89%,2025-07-04
耳飾幸運卷軸100%卷軸,229,2,2,2,0.00%,2025-07-04
披風幸運卷軸10%卷軸,212,2,2,2,0.00%,2025-07-04
盾牌幸運卷軸10%卷軸,202,3,3,4,+3.69%,2025-07-04
套服幸運卷軸10%卷軸,188,27,29,31,+3.28%,2025-07-04
海賊王帽子裝備,181,108,120,135,-5.34%,2025-07-04
頭盔體力卷軸60%卷軸,180,2,2,2,0.00%,2025-07-04
下衣敏捷性卷軸10%卷軸,178,20,25,34,+16.68%,2025-07-04
耳飾敏捷卷軸100%卷軸,175,9,11,13,+7.20%,2025-07-04
套服智力卷軸10%卷軸,166,26,28,31,+4.46%,2025-07-04
手槍攻擊力卷軸10%卷軸,163,6,6,7,-4.98%,2025-07-04
上衣幸運卷軸100%卷軸,158,1,1,1,0.00%,2025-07-04
長杖魔力卷軸10%卷軸,155,4,4,5,-2.00%,2025-07-04
下衣體力卷軸60%卷軸,152,2,2,3,+4.64%,2025-07-04
耳環智力卷軸10%卷軸,150,27,32,36,+3.43%,2025-07-04
土飛鏢裝備,143,10,13,17,-11.68%,2025-07-04
弩攻擊卷軸10%卷軸,139,2,3,3,+9.65%,2025-07-04
手套攻擊卷軸100%卷軸,139,1,1,1,0.00%,2025-07-04
手套攻擊卷軸60%卷軸,1240,10,10,11,-1.20%,2025-07-05
披風敏捷性卷軸60%卷軸,1120,16,18,20,+1.01%,2025-07-05
披風幸運卷軸60%卷軸,939,7,7,7,0.00%,2025-07-05
套服敏捷卷軸60%卷軸,818,7,7,8,+2.08%,2025-07-05
套服幸運卷軸60%卷軸,792,39,40,44,+3.55%,2025-07-05
盾牌幸運卷軸60%卷軸,788,7,7,8,-3.87%,2025-07-05
耳飾幸運卷軸10%卷軸,714,2,2,2,0.00%,2025-07-05
套服智力卷軸60%卷軸,689,53,58,62,+2.81%,2025-07-05
拳套攻擊卷軸60%卷軸,572,2,3,3,-3.53%,2025-07-05
拳套攻擊卷軸10%卷軸,568,10,10,10,0.00%,2025-07-05
套服敏捷卷軸10%卷軸,564,8,8,9,+3.75%,2025-07-05
耳環智力卷軸60%卷軸,540,5,6,6,+2.85%,2025-07-05
手槍攻擊力卷軸60%卷軸,466,2,2,2,0.00%,2025-07-05
短杖魔力卷軸60%卷軸,444,1,1,2,+0.39%,2025-07-05
鞋子跳躍卷軸60%卷軸,410,9,9,10,+0.20%,2025-07-05
頭盔智力卷軸60%卷軸,405,70,80,90,-8.73%,2025-07-05
耳飾敏捷卷軸60%卷軸,385,133,138,140,-0.14%,2025-07-05
手套攻擊卷軸10%卷軸,381,11,12,12,-2.81%,2025-07-05
短劍攻擊卷軸60%卷軸,379,2,3,3,-10.13%,2025-07-05
弓攻擊卷軸60%卷軸,358,1,1,2,-5.27%,2025-07-05
下衣敏捷性卷軸60%卷軸,344,186,195,202,+0.23%,2025-07-05
上衣幸運卷軸60%卷軸,330,95,105,115,+6.02%,2025-07-05
套服幸運卷軸100%卷軸,307,7,8,8,+3.82%,2025-07-05
頭盔敏捷性卷軸60%卷軸,290,95,125,155,-18.72%,2025-07-05
短劍攻擊卷軸10%卷軸,269,3,4,4,+2.29%,2025-07-05
披風智力卷軸60%卷軸,263,1,2,2,-3.80%,2025-07-05
披風力量卷軸60%卷軸,257,7,8,8,-3.88%,2025-07-05
鞋子跳躍卷軸10%卷軸,256,1,1,1,0.00%,2025-07-05
盾牌生命卷軸60%卷軸,255,1,1,2,-15.14%,2025-07-05
長杖魔力卷軸60%卷軸,251,1,1,2,-4.13%,2025-07-05
頭盔敏捷性卷軸100%卷軸,250,1,2,2,+11.84%,2025-07-05
耳飾幸運卷軸100%卷軸,241,2,2,2,0.00%,2025-07-05
套服智力卷軸100%卷軸,236,21,24,26,-6.06%,2025-07-05
頭盔智力卷軸100%卷軸,231,1,1,2,-8.75%,2025-07-05
披風幸運卷軸10%卷軸,224,2,2,2,0.00%,2025-07-05
盾牌幸運卷軸10%卷軸,211,3,3,4,+2.19%,2025-07-05
海賊王帽子裝備,192,105,118,130,-5.72%,2025-07-05
頭盔體力卷軸60%卷軸,190,2,2,2,0.00%,2025-07-05
耳飾敏捷卷軸100%卷軸,185,10,11,14,+14.54%,2025-07-05
弓攻擊卷軸10%卷軸,179,3,5,7,-14.24%,2025-07-05
套服智力卷軸10%卷軸,174,26,29,31,+5.33%,2025-07-05
上衣幸運卷軸100%卷軸,168,1,1,1,0.00%,2025-07-05
手槍攻擊力卷軸10%卷軸,166,6,6,7,-6.52%,2025-07-05
長杖魔力卷軸10%卷軸,166,4,4,5,+1.43%,2025-07-05
下衣敏捷性卷軸10%卷軸,162,22,27,33,+12.42%,2025-07-05
耳環智力卷軸10%卷軸,156,27,32,38,+5.42%,2025-07-05
下衣體力卷軸60%卷軸,155,2,2,3,+2.09%,2025-07-05
眼部裝飾敏捷性卷軸10%卷軸,151,104,110,120,-3.29%,2025-07-05
上衣力量卷軸60%卷軸,150,13,13,14,+1.17%,2025-07-05
短杖魔力卷軸10%卷軸,144,9,10,10,+0.73%,2025-07-05
手套攻擊卷軸60%卷軸,1290,10,10,11,-1.33%,2025-07-06
披風敏捷性卷軸60%卷軸,1107,16,18,20,+0.21%,2025-07-06
套服幸運卷軸60%卷軸,1015,38,42,47,+7.32%,2025-07-06
披風幸運卷軸60%卷軸,1013,7,7,7,0.00%,2025-07-06
套服敏捷卷軸60%卷軸,909,7,7,8,+1.09%,2025-07-06
盾牌幸運卷軸60%卷軸,777,7,7,8,-3.69%,2025-07-06
耳飾幸運卷軸10%卷軸,761,2,2,2,0.00%,2025-07-06
套服智力卷軸60%卷軸,695,54,59,62,+3.36%,2025-07-06
耳環智力卷軸60%卷軸,618,5,6,6,+4.46%,2025-07-06
拳套攻擊卷軸10%卷軸,604,10,10,10,0.00%,2025-07-06
套服敏捷卷軸10%卷軸,587,8,8,9,+2.07%,2025-07-06
拳套攻擊卷軸60%卷軸,571,2,2,3,-6.61%,2025-07-06
手槍攻擊力卷軸60%卷軸,499,2,2,2,0.00%,2025-07-06
短杖魔力卷軸60%卷軸,441,1,1,2,-7.37%,2025-07-06
鞋子跳躍卷軸60%卷軸,408,9,9,10,+0.20%,2025-07-06
上衣幸運卷軸60%卷軸,402,93,110,122,+9.43%,2025-07-06
短劍攻擊卷軸60%卷軸,402,2,3,3,-14.52%,2025-07-06
下衣敏捷性卷軸60%卷軸,387,185,195,205,+0.40%,2025-07-06
耳飾敏捷卷軸60%卷軸,374,133,139,140,+0.33%,2025-07-06
弓攻擊卷軸60%卷軸,364,1,1,2,+3.73%,2025-07-06
披風力量卷軸60%卷軸,356,5,7,9,-25.45%,2025-07-06
頭盔智力卷軸60%卷軸,356,71,77,87,-5.55%,2025-07-06
套服幸運卷軸100%卷軸,353,7,8,8,+4.55%,2025-07-06
手套攻擊卷軸10%卷軸,337,11,12,12,-3.78%,2025-07-06
短劍攻擊卷軸10%卷軸,305,3,4,4,-0.17%,2025-07-06
披風智力卷軸60%卷軸,278,1,1,2,-7.69%,2025-07-06
手槍攻擊力卷軸10%卷軸,277,4,6,8,-18.35%,2025-07-06
套服智力卷軸100%卷軸,274,21,23,26,-6.70%,2025-07-06
長杖魔力卷軸60%卷軸,262,1,1,2,-9.74%,2025-07-06
頭盔敏捷性卷軸100%卷軸,258,1,1,2,+10.72%,2025-07-06
鞋子跳躍卷軸10%卷軸,253,1,1,1,0.00%,2025-07-06
耳飾幸運卷軸100%卷軸,252,2,2,2,0.00%,2025-07-06
頭盔敏捷性卷軸60%卷軸,252,85,115,145,-19.51%,2025-07-06
披風幸運卷軸10%卷軸,241,2,2,2,0.00%,2025-07-06
耳飾敏捷卷軸100%卷軸,223,10,12,15,+19.47%,2025-07-06
盾牌幸運卷軸10%卷軸,222,3,3,4,-4.77%,2025-07-06
盾牌生命卷軸60%卷軸,216,1,1,1,0.00%,2025-07-06
套服幸運卷軸10%卷軸,214,27,30,35,+10.22%,2025-07-06
海賊王帽子裝備,197,105,115,125,-4.29%,2025-07-06
頭盔體力卷軸60%卷軸,194,2,2,2,0.00%,2025-07-06
長杖魔力卷軸10%卷軸,181,4,4,5,+2.00%,2025-07-06
眼部裝飾幸運卷軸10%卷軸,172,58,70,82,+6.05%,2025-07-06
上衣力量卷軸60%卷軸,167,13,13,14,+1.25%,2025-07-06
下衣敏捷性卷軸10%卷軸,166,22,30,35,+16.96%,2025-07-06
頭盔智力卷軸100%卷軸,166,1,1,1,0.00%,2025-07-06
短杖魔力卷軸10%卷軸,165,10,10,11,+2.42%,2025-07-06
眼部裝飾敏捷性卷軸10%卷軸,162,104,110,120,-2.73%,2025-07-06
上衣幸運卷軸100%卷軸,158,1,1,1,0.00%,2025-07-06
耳環智力卷軸10%卷軸,156,28,33,38,+1.93%,2025-07-06
套服智力卷軸10%卷軸,153,27,30,31,+3.05%,2025-07-06
套服幸運卷軸60%卷軸,1046,38,43,47,+5.86%,2025-07-07
手套攻擊卷軸60%卷軸,1036,10,10,10,0.00%,2025-07-07
套服敏捷卷軸60%卷軸,1000,7,7,8,+0.40%,2025-07-07
披風幸運卷軸60%卷軸,988,7,7,7,0.00%,2025-07-07
披風敏捷性卷軸60%卷軸,822,17,18,18,-0.69%,2025-07-07
耳飾幸運卷軸10%卷軸,783,2,2,2,0.00%,2025-07-07
耳環智力卷軸60%卷軸,710,5,6,6,+3.29%,2025-07-07
拳套攻擊卷軸10%卷軸,648,10,10,10,0.00%,2025-07-07
套服敏捷卷軸10%卷軸,612,8,9,9,+2.14%,2025-07-07
盾牌幸運卷軸60%卷軸,608,7,7,7,0.00%,2025-07-07
拳套攻擊卷軸60%卷軸,601,2,2,3,-9.25%,2025-07-07
手槍攻擊力卷軸60%卷軸,527,2,2,2,0.00%,2025-07-07
套服智力卷軸60%卷軸,518,56,60,61,+1.65%,2025-07-07
手套攻擊卷軸10%卷軸,468,9,11,13,-11.85%,2025-07-07
短杖魔力卷軸60%卷軸,447,1,1,2,-8.85%,2025-07-07
短劍攻擊力卷軸60%卷軸,389,2,2,3,-10.66%,2025-07-07
下衣敏捷性卷軸60%卷軸,377,185,195,205,-0.62%,2025-07-07
上衣幸運卷軸60%卷軸,372,98,110,125,+8.67%,2025-07-07
弓攻擊卷軸60%卷軸,371,1,1,2,+3.53%,2025-07-07
披風力量卷軸60%卷軸,369,4,7,9,-32.04%,2025-07-07
耳飾敏捷卷軸60%卷軸,366,133,139,142,+0.90%,2025-07-07
頭盔智力卷軸60%卷軸,351,68,75,84,-4.09%,2025-07-07
短劍攻擊力卷軸10%卷軸,326,3,4,4,-1.37%,2025-07-07
套服幸運卷軸100%卷軸,295,8,8,9,+4.04%,2025-07-07
披風智力卷軸60%卷軸,289,1,1,2,-12.12%,2025-07-07
套服智力卷軸100%卷軸,284,21,23,25,-6.31%,2025-07-07
鞋子跳躍力卷軸60%卷軸,279,9,9,9,0.00%,2025-07-07
鞋子跳躍力卷軸10%卷軸,275,1,1,1,0.00%,2025-07-07
長杖魔力卷軸60%卷軸,271,1,1,2,-3.59%,2025-07-07
耳飾幸運卷軸100%卷軸,257,2,2,2,0.00%,2025-07-07
耳飾敏捷卷軸100%卷軸,244,10,13,17,+16.92%,2025-07-07
頭盔敏捷性卷軸100%卷軸,244,1,1,2,+0.32%,2025-07-07
頭盔敏捷性卷軸60%卷軸,242,85,108,130,-18.02%,2025-07-07
手槍攻擊力卷軸10%卷軸,241,5,5,6,-9.02%,2025-07-07
披風幸運卷軸10%卷軸,232,2,2,2,0.00%,2025-07-07
盾牌體力卷軸60%卷軸,223,1,1,1,0.00%,2025-07-07
頭盔體力卷軸60%卷軸,213,2,2,2,0.00%,2025-07-07
盾牌幸運卷軸10%卷軸,210,3,3,4,-6.21%,2025-07-07
套服幸運卷軸10%卷軸,209,28,30,37,+12.86%,2025-07-07
長杖魔力卷軸10%卷軸,197,4,4,5,-3.15%,2025-07-07
上衣力量卷軸60%卷軸,192,13,14,14,+0.53%,2025-07-07
短杖魔力卷軸10%卷軸,184,10,10,11,+2.07%,2025-07-07
下衣敏捷性卷軸10%卷軸,183,25,30,38,+14.55%,2025-07-07
海賊王帽子裝備,181,106,115,123,-3.38%,2025-07-07
耳環智力卷軸10%卷軸,164,27,32,36,-3.81%,2025-07-07
上衣幸運卷軸100%卷軸,157,1,1,1,0.00%,2025-07-07
套服智力卷軸10%卷軸,148,28,30,33,+5.11%,2025-07-07
弓攻擊卷軸10%卷軸,148,4,4,5,-6.41%,2025-07-07
弩攻擊卷軸10%卷軸,146,2,3,3,-3.73%,2025-07-07
眼部裝飾幸運卷軸10%卷軸,145,65,70,79,+3.76%,2025-07-07
套服幸運卷軸60%卷軸,1097,39,44,47,+3.85%,2025-07-08
套服敏捷卷軸60%卷軸,1071,7,7,8,-0.33%,2025-07-08
手套攻擊卷軸60%卷軸,1040,10,10,10,0.00%,2025-07-08
披風幸運卷軸60%卷軸,996,7,7,7,0.00%,2025-07-08
披風敏捷性卷軸60%卷軸,921,17,18,18,-0.83%,2025-07-08
耳飾幸運卷軸10%卷軸,846,2,2,2,0.00%,2025-07-08
耳環智力卷軸60%卷軸,755,5,6,6,+2.29%,2025-07-08
拳套攻擊卷軸10%卷軸,705,10,10,10,0.00%,2025-07-08
盾牌幸運卷軸60%卷軸,679,7,7,7,0.00%,2025-07-08
拳套攻擊卷軸60%卷軸,643,2,2,3,-8.24%,2025-07-08
套服敏捷卷軸10%卷軸,639,8,9,9,+2.87%,2025-07-08
套服智力卷軸60%卷軸,533,57,60,61,+1.53%,2025-07-08
手槍攻擊力卷軸60%卷軸,520,2,2,2,0.00%,2025-07-08
手套攻擊卷軸10%卷軸,452,9,11,13,-12.79%,2025-07-08
鞋子跳躍力卷軸60%卷軸,441,8,9,9,-1.48%,2025-07-08
短劍攻擊力卷軸60%卷軸,411,2,2,3,-12.10%,2025-07-08
弓攻擊卷軸60%卷軸,405,1,1,2,-2.78%,2025-07-08
耳飾敏捷卷軸60%卷軸,360,133,140,142,+1.15%,2025-07-08
短劍攻擊力卷軸10%卷軸,359,3,4,4,-4.28%,2025-07-08
下衣敏捷性卷軸60%卷軸,357,188,195,202,-1.01%,2025-07-08
短杖魔力卷軸60%卷軸,354,1,1,1,0.00%,2025-07-08
披風力量卷軸60%卷軸,348,4,6,8,-27.32%,2025-07-08
上衣幸運卷軸60%卷軸,324,105,115,125,+5.04%,2025-07-08
頭盔智力卷軸60%卷軸,310,67,74,79,-4.73%,2025-07-08
鞋子跳躍力卷軸10%卷軸,308,1,1,1,0.00%,2025-07-08
套服智力卷軸100%卷軸,300,20,22,24,-5.37%,2025-07-08
披風智力卷軸60%卷軸,300,1,1,2,-10.75%,2025-07-08
套服幸運卷軸100%卷軸,281,8,8,9,+5.97%,2025-07-08
長杖魔力卷軸60%卷軸,276,1,1,2,+5.39%,2025-07-08
手槍攻擊力卷軸10%卷軸,275,5,5,6,-7.40%,2025-07-08
耳飾幸運卷軸100%卷軸,270,2,2,2,0.00%,2025-07-08
套服幸運卷軸10%卷軸,257,26,33,42,+20.08%,2025-07-08
頭盔敏捷性卷軸100%卷軸,246,1,1,2,-10.42%,2025-07-08
頭盔敏捷性卷軸60%卷軸,239,79,100,120,-15.54%,2025-07-08
披風幸運卷軸10%卷軸,237,2,2,2,0.00%,2025-07-08
耳飾敏捷卷軸100%卷軸,225,11,14,15,+5.19%,2025-07-08
頭盔體力卷軸60%卷軸,223,2,2,2,0.00%,2025-07-08
盾牌體力卷軸60%卷軸,218,1,1,1,0.00%,2025-07-08
上衣力量卷軸60%卷軸,208,13,14,14,+0.65%,2025-07-08
套服智力卷軸10%卷軸,206,28,30,36,+11.31%,2025-07-08
長杖魔力卷軸10%卷軸,202,4,4,5,-5.83%,2025-07-08
盾牌幸運卷軸10%卷軸,201,3,3,4,-5.80%,2025-07-08
短杖魔力卷軸10%卷軸,197,10,10,11,+1.69%,2025-07-08
下衣敏捷性卷軸10%卷軸,180,28,32,37,+4.64%,2025-07-08
上衣幸運卷軸100%卷軸,164,1,1,1,0.00%,2025-07-08
耳環智力卷軸10%卷軸,164,28,32,35,-7.08%,2025-07-08
弓攻擊卷軸10%卷軸,161,4,4,5,-7.29%,2025-07-08
土飛鏢裝備,144,8,12,15,-11.33%,2025-07-08
下衣體力卷軸60%卷軸,143,2,2,3,-7.95%,2025-07-08
弩攻擊卷軸10%卷軸,143,2,3,3,-7.71%,2025-07-08
